{
	"type": "minecraft:crafting_shaped",
	"category": "misc",
	"pattern": [
		"TNT",
		"NBN",
		"TNT"
	],
	"key": {
		"T": "minecraft:totem_of_undying",
		"N": "minecraft:netherite_ingot",
		"B": "minecraft:beacon"
	},
	"result": {
		"id": "minecraft:command_block",
		"count": 1,
		"components": {
			"minecraft:consumable": {},
			"minecraft:lore": [
				{
					"text": "Rename the item to the username",
					"italic": false,
					"color": "gray"
				},
				{
					"text": "of the player you want to revive.",
					"italic": false,
					"color": "gray"
				},
				[
					"",
					{
						"text": "I",
						"color": "white",
						"italic": false,
						"font": "life_steal:icons"
					},
					{
						"text": " LifeSteal",
						"italic": true,
						"color": "blue"
					}
				]
			],
			"minecraft:item_model": "life_steal:revive_beacon",
			"minecraft:item_name": {
				"text": "Revive Beacon"
			},
			"minecraft:custom_data": {
				"life_steal": {
					"revive_beacon": true
				},
				"smithed": {
					"ignore": {
						"functionality": true,
						"crafting": true
					}
				}
			}
		}
	}
}
