{
  "type": "minecraft:crafting_shaped",
  "category": "misc",
  "pattern": [
    "NDN",
    "DTD",
    "NDN"
  ],
  "key": {
    "N": "minecraft:netherite_ingot",
    "D": "minecraft:diamond_block",
    "T": "minecraft:totem_of_undying"
  },
  "result": {
    "id": "minecraft:command_block",
    "count": 1,
    "components": {
      "minecraft:damage_resistant": {
        "types": "#life_steal:is_explosion_or_fire"
      },
      "minecraft:consumable": {},
      "minecraft:item_model": "life_steal:heart",
      "minecraft:item_name": {
        "text": "Heart"
      },
      "minecraft:lore": [
        [
          "",
          {
            "text": "I",
            "color": "white",
            "italic": false,
            "font": "life_steal:icons"
          },
          {
            "text": " LifeSteal",
            "italic": true,
            "color": "blue"
          }
        ]
      ],
      "minecraft:custom_data": {
        "life_steal": {
          "heart": true
        },
        "smithed": {
          "ignore": {
            "functionality": true,
            "crafting": true
          }
        }
      }
    }
  }
}
