{
	"pools": [
		{
			"rolls": 1,
			"entries": [
				{
					"type": "minecraft:item",
					"name": "minecraft:command_block",
					"functions": [
						{
							"function": "minecraft:set_components",
							"components": {
								"minecraft:consumable": {},
								"minecraft:lore": [
									"{\"text\":\"Rename the item to the username\",\"italic\":false,\"color\":\"gray\"}",
									"{\"text\":\"of the player you want to revive.\",\"italic\":false,\"color\":\"gray\"}",
									"{\"text\": \"LifeSteal\", \"italic\": true, \"color\": \"blue\"}"
								],
								"minecraft:item_model": "life_steal:revive_beacon",
								"minecraft:item_name": "{\"text\": \"Revive Beacon\", \"italic\": false, \"color\": \"white\"}",
								"minecraft:custom_data": {
									"life_steal": {"revive_beacon": true},
									"smithed": {"ignore": {"functionality": true,"crafting": true}}
								}
							}
						}
					]
				}
			]
		}
	]
}
